{
  "name": "angular-cookies",
  "version": "1.4.9",
  "main": "./angular-cookies.js",
  "ignore": [],
  "dependencies": {
    "angular": "1.4.9"
  },
  "homepage": "https://github.com/angular/bower-angular-cookies",
  "_release": "1.4.9",
  "_resolution": {
    "type": "version",
    "tag": "v1.4.9",
    "commit": "cf2e23660fbbc0d9e74eaa8a535b42ae58b70805"
  },
  "_source": "git://github.com/angular/bower-angular-cookies.git",
  "_target": "~1.4.9",
  "_originalSource": "angular-cookies",
  "_direct": true
}