{
  "name": "ngvideo",
  "version": "0.4.13",
  "homepage": "https://github.com/Wildhoney/ngVideo",
  "authors": [
    "Adam Timberlake <adam.timberlake@gmail.com>"
  ],
  "description": "Modularised HTML5 video implementation using Angular.",
  "main": "dist/ng-video.js",
  "keywords": [
    "angular video",
    "ng-video",
    "html5 video",
    "html5 angular video",
    "angular video player",
    "angular html5 video player"
  ],
  "license": "MIT",
  "ignore": [
    "**/.*",
    "node_modules",
    "bower_components",
    "example",
    "releases",
    "tests"
  ],
  "dependencies": {
    "angular": "~1.2.19",
    "angular-mocks": "~1.2.19",
    "bootstrap": "~3.2.0"
  },
  "_release": "0.4.13",
  "_resolution": {
    "type": "version",
    "tag": "v0.4.13",
    "commit": "85c967b6e6fbcc20455876e0c1846b3bc6237d0d"
  },
  "_source": "git://github.com/Wildhoney/ngVideo.git",
  "_target": "~0.4.13",
  "_originalSource": "ngvideo",
  "_direct": true
}